<?xml version="1.0" encoding="UTF-8"?>
<project-private xmlns="http://www.netbeans.org/ns/project-private/1">
    <editor-bookmarks xmlns="http://www.netbeans.org/ns/editor-bookmarks/2" lastBookmarkId="0"/>
    <open-files xmlns="http://www.netbeans.org/ns/projectui-open-files/2">
        <group>
            <file>file:/C:/xampp/htdocs/PhpProject2/admin.php</file>
            <file>file:/C:/xampp/htdocs/PhpProject2/functions.php</file>
            <file>file:/C:/xampp/htdocs/PhpProject2/login.php</file>
            <file>file:/C:/xampp/htdocs/PhpProject2/register.php</file>
            <file>file:/C:/xampp/htdocs/PhpProject2/logout.php</file>
            <file>file:/C:/xampp/htdocs/PhpProject2/update.php</file>
            <file>file:/C:/xampp/htdocs/PhpProject2/database.php</file>
            <file>file:/C:/xampp/htdocs/PhpProject2/search.php</file>
            <file>file:/C:/xampp/htdocs/PhpProject2/process.php</file>
            <file>file:/C:/xampp/htdocs/PhpProject2/Dockerfile</file>
            <file>file:/C:/xampp/htdocs/PhpProject2/docker-compose.yml</file>
            <file>file:/C:/xampp/htdocs/PhpProject2/delete.php</file>
            <file>file:/C:/xampp/htdocs/PhpProject2/edit.php</file>
            <file>file:/C:/xampp/htdocs/PhpProject2/index.php</file>
        </group>
    </open-files>
</project-private>
